time_pt,direction,entry,stop,risk_ticks,level_type,confluence_count,R3_target,R3_outcome,R3_pnl_ticks,R3_R,R3_hold_s,PTS5_target,PTS5_outcome,PTS5_pnl_ticks,PTS5_R,PTS5_hold_s,PTS3_target,PTS3_outcome,PTS3_pnl_ticks,PTS3_R,PTS3_hold_s
2026-06-15 07:14:09-07:00,LONG,7606.5,7606.0,2.0,LHPB,2,7608.0,stop,-2.0,-1.0,3,7611.5,stop,-2.0,-1.0,3,7609.5,stop,-2.0,-1.0,3
2026-06-15 09:45:41-07:00,LONG,7639.0,7638.25,3.0,LHPB,2,7641.25,stop,-3.0,-1.0,27,7644.0,stop,-3.0,-1.0,27,7642.0,stop,-3.0,-1.0,27
2026-06-15 11:02:03-07:00,LONG,7630.0,7629.25,3.0,LHPB,2,7632.25,stop,-3.0,-1.0,2,7635.0,stop,-3.0,-1.0,2,7633.0,stop,-3.0,-1.0,2
2026-06-15 11:02:05-07:00,LONG,7629.25,7628.75,2.0,LHPB,2,7630.75,stop,-2.0,-1.0,1,7634.25,stop,-2.0,-1.0,1,7632.25,stop,-2.0,-1.0,1
2026-06-16 07:31:29-07:00,LONG,7606.25,7605.5,3.0,LHPB,2,7608.5,stop,-3.0,-1.0,17,7611.25,stop,-3.0,-1.0,17,7609.25,stop,-3.0,-1.0,17
2026-06-16 08:00:19-07:00,SHORT,7612.75,7613.25,2.0,LLPB,5,7611.25,stop,-2.0,-1.0,7,7607.75,stop,-2.0,-1.0,7,7609.75,stop,-2.0,-1.0,7
2026-06-16 08:03:42-07:00,SHORT,7614.25,7614.75,2.0,LLPB,4,7612.75,stop,-2.0,-1.0,6,7609.25,stop,-2.0,-1.0,6,7611.25,stop,-2.0,-1.0,6
2026-06-16 08:06:04-07:00,SHORT,7617.0,7617.5,2.0,LLPB,3,7615.5,stop,-2.0,-1.0,1,7612.0,stop,-2.0,-1.0,1,7614.0,stop,-2.0,-1.0,1
2026-06-16 08:10:53-07:00,SHORT,7618.25,7618.75,2.0,LLPB,2,7616.75,stop,-2.0,-1.0,2,7613.25,stop,-2.0,-1.0,2,7615.25,stop,-2.0,-1.0,2
2026-06-16 08:10:55-07:00,SHORT,7618.5,7619.0,2.0,LLPB,2,7617.0,stop,-2.0,-1.0,1,7613.5,stop,-2.0,-1.0,1,7615.5,stop,-2.0,-1.0,1
2026-06-17 07:00:23-07:00,SHORT,7582.25,7583.0,3.0,LLPB,2,7580.0,stop,-3.0,-1.0,4,7577.25,stop,-3.0,-1.0,4,7579.25,stop,-3.0,-1.0,4
2026-06-19 03:22:26-07:00,LONG,7549.75,7549.0,3.0,LHPB,2,7552.0,stop,-3.0,-1.0,22,7554.75,stop,-3.0,-1.0,22,7552.75,stop,-3.0,-1.0,22
2026-06-21 18:04:03-07:00,SHORT,7552.25,7553.75,6.0,LLPB,3,7547.75,stop,-6.0,-1.0,59,7547.25,stop,-6.0,-1.0,59,7549.25,stop,-6.0,-1.0,59
2026-06-22 07:17:33-07:00,LONG,7583.25,7582.75,2.0,LHPB,2,7584.75,stop,-2.0,-1.0,2,7588.25,stop,-2.0,-1.0,2,7586.25,stop,-2.0,-1.0,2
2026-06-22 07:31:51-07:00,LONG,7550.75,7550.25,2.0,LHPB,2,7552.25,stop,-2.0,-1.0,3,7555.75,stop,-2.0,-1.0,3,7553.75,stop,-2.0,-1.0,3
2026-06-22 08:41:06-07:00,SHORT,7552.25,7552.75,2.0,LLPB,3,7550.75,stop,-2.0,-1.0,15,7547.25,stop,-2.0,-1.0,15,7549.25,stop,-2.0,-1.0,15
2026-06-22 08:41:53-07:00,SHORT,7553.5,7554.0,2.0,LLPB,3,7552.0,stop,-2.0,-1.0,7,7548.5,stop,-2.0,-1.0,7,7550.5,stop,-2.0,-1.0,7
2026-06-23 06:53:09-07:00,SHORT,7465.25,7466.0,3.0,LLPB,2,7463.0,target,9.0,3.0,7,7460.25,target,20.0,6.667,102,7462.25,target,12.0,4.0,11
2026-06-23 06:59:21-07:00,SHORT,7465.25,7466.5,5.0,LLPB,2,7461.5,stop,-5.0,-1.0,36,7460.25,stop,-5.0,-1.0,36,7462.25,stop,-5.0,-1.0,36
2026-06-24 12:07:04-07:00,LONG,7407.5,7406.75,3.0,LHPB,3,7409.75,stop,-3.0,-1.0,1,7412.5,stop,-3.0,-1.0,1,7410.5,stop,-3.0,-1.0,1
2026-06-24 12:07:06-07:00,LONG,7406.25,7405.5,3.0,LHPB,3,7408.5,stop,-3.0,-1.0,8,7411.25,stop,-3.0,-1.0,8,7409.25,stop,-3.0,-1.0,8
2026-06-25 07:52:38-07:00,SHORT,7471.25,7472.25,4.0,LLPB,2,7468.25,stop,-4.0,-1.0,1,7466.25,stop,-4.0,-1.0,1,7468.25,stop,-4.0,-1.0,1
2026-06-25 07:52:39-07:00,SHORT,7472.25,7473.25,4.0,LLPB,2,7469.25,stop,-4.0,-1.0,2,7467.25,stop,-4.0,-1.0,2,7469.25,stop,-4.0,-1.0,2
2026-06-26 07:05:11-07:00,SHORT,7416.5,7417.25,3.0,LLPB,2,7414.25,stop,-3.0,-1.0,6,7411.5,stop,-3.0,-1.0,6,7413.5,stop,-3.0,-1.0,6
2026-06-30 10:38:21-07:00,LONG,7550.0,7549.5,2.0,LHPB,2,7551.5,stop,-2.0,-1.0,2,7555.0,stop,-2.0,-1.0,2,7553.0,stop,-2.0,-1.0,2
2026-07-01 04:41:18-07:00,LONG,7533.75,7533.0,3.0,LHPB,2,7536.0,stop,-3.0,-1.0,15,7538.75,stop,-3.0,-1.0,15,7536.75,stop,-3.0,-1.0,15
2026-07-01 10:06:08-07:00,LONG,7555.0,7554.5,2.0,LHPB,2,7556.5,target,6.0,3.0,3,7560.0,stop,-2.0,-1.0,15,7558.0,stop,-2.0,-1.0,15
2026-07-01 11:15:04-07:00,LONG,7555.25,7554.75,2.0,LHPB,2,7556.75,stop,-2.0,-1.0,2,7560.25,stop,-2.0,-1.0,2,7558.25,stop,-2.0,-1.0,2
2026-07-01 11:54:46-07:00,LONG,7549.5,7549.0,2.0,LHPB,2,7551.0,target,6.0,3.0,20,7554.5,target,20.0,10.0,321,7552.5,target,12.0,6.0,191
2026-07-02 11:04:04-07:00,SHORT,7487.5,7488.0,2.0,LLPB,4,7486.0,stop,-2.0,-1.0,1,7482.5,stop,-2.0,-1.0,1,7484.5,stop,-2.0,-1.0,1
2026-07-02 11:04:05-07:00,SHORT,7488.0,7489.0,4.0,LLPB,4,7485.0,stop,-4.0,-1.0,32,7483.0,stop,-4.0,-1.0,32,7485.0,stop,-4.0,-1.0,32
2026-07-02 11:05:09-07:00,SHORT,7490.5,7491.0,2.0,LLPB,3,7489.0,stop,-2.0,-1.0,2,7485.5,stop,-2.0,-1.0,2,7487.5,stop,-2.0,-1.0,2
2026-07-07 09:06:19-07:00,SHORT,7558.0,7558.5,2.0,LLPB,2,7556.5,target,6.0,3.0,7,7553.0,target,20.0,10.0,70,7555.0,target,12.0,6.0,37
2026-07-07 10:08:02-07:00,SHORT,7570.5,7571.25,3.0,LLPB,2,7568.25,stop,-3.0,-1.0,19,7565.5,stop,-3.0,-1.0,19,7567.5,stop,-3.0,-1.0,19
2026-07-08 10:24:11-07:00,SHORT,7529.0,7529.75,3.0,LLPB,3,7526.75,stop,-3.0,-1.0,44,7524.0,stop,-3.0,-1.0,44,7526.0,stop,-3.0,-1.0,44
2026-07-08 10:25:02-07:00,SHORT,7530.75,7531.25,2.0,LLPB,2,7529.25,stop,-2.0,-1.0,1,7525.75,stop,-2.0,-1.0,1,7527.75,stop,-2.0,-1.0,1
2026-07-09 05:06:39-07:00,SHORT,7546.0,7547.0,4.0,LLPB,2,7543.0,stop,-4.0,-1.0,86,7541.0,stop,-4.0,-1.0,86,7543.0,stop,-4.0,-1.0,86
2026-07-09 07:06:44-07:00,LONG,7559.0,7558.25,3.0,LHPB,2,7561.25,stop,-3.0,-1.0,2,7564.0,stop,-3.0,-1.0,2,7562.0,stop,-3.0,-1.0,2
2026-07-09 07:06:46-07:00,LONG,7558.25,7557.75,2.0,LHPB,2,7559.75,stop,-2.0,-1.0,13,7563.25,stop,-2.0,-1.0,13,7561.25,stop,-2.0,-1.0,13
2026-07-10 07:33:00-07:00,LONG,7565.25,7564.0,5.0,LHPB,2,7569.0,stop,-5.0,-1.0,1,7570.25,stop,-5.0,-1.0,1,7568.25,stop,-5.0,-1.0,1
2026-07-12 22:09:03-07:00,SHORT,7580.75,7582.25,6.0,LLPB,2,7576.25,stop,-6.0,-1.0,68,7575.75,stop,-6.0,-1.0,68,7577.75,stop,-6.0,-1.0,68
2026-07-14 17:05:36-07:00,LONG,7598.75,7598.0,3.0,LHPB,2,7601.0,stop,-3.0,-1.0,31,7603.75,stop,-3.0,-1.0,31,7601.75,stop,-3.0,-1.0,31
2026-07-16 12:02:30-07:00,SHORT,7574.75,7575.25,2.0,LLPB,2,7573.25,stop,-2.0,-1.0,1,7569.75,stop,-2.0,-1.0,1,7571.75,stop,-2.0,-1.0,1
2026-07-17 07:05:10-07:00,SHORT,7524.5,7525.25,3.0,LLPB,3,7522.25,stop,-3.0,-1.0,10,7519.5,stop,-3.0,-1.0,10,7521.5,stop,-3.0,-1.0,10
2026-07-20 05:02:28-07:00,LONG,7528.0,7527.25,3.0,LHPB,2,7530.25,stop,-3.0,-1.0,1,7533.0,stop,-3.0,-1.0,1,7531.0,stop,-3.0,-1.0,1
2026-07-22 07:19:26-07:00,LONG,7540.5,7539.5,4.0,LHPB,3,7543.5,target,12.0,3.0,30,7545.5,target,20.0,5.0,77,7543.5,target,12.0,3.0,30
2026-07-22 07:27:32-07:00,LONG,7533.0,7532.5,2.0,LHPB,2,7534.5,target,6.0,3.0,14,7538.0,target,20.0,10.0,295,7536.0,target,12.0,6.0,35
2026-07-23 00:11:03-07:00,LONG,7503.25,7502.0,5.0,LHPB,2,7507.0,stop,-5.0,-1.0,50,7508.25,stop,-5.0,-1.0,50,7506.25,stop,-5.0,-1.0,50
2026-07-28 06:30:00-07:00,LONG,7448.25,7445.75,10.0,LHPB,2,7455.75,stop,-10.0,-1.0,59,7453.25,stop,-10.0,-1.0,59,7451.25,target,12.0,1.2,6
2026-07-28 06:30:01-07:00,LONG,7447.5,7445.75,7.0,LHPB,2,7452.75,target,21.0,3.0,11,7452.5,target,20.0,2.857,11,7450.5,target,12.0,1.714,1
2026-07-28 09:31:00-07:00,LONG,7467.5,7466.75,3.0,LHPB,2,7469.75,stop,-3.0,-1.0,5,7472.5,stop,-3.0,-1.0,5,7470.5,stop,-3.0,-1.0,5
2026-07-28 16:47:08-07:00,SHORT,7485.5,7486.0,2.0,LLPB,2,7484.0,stop,-2.0,-1.0,1,7480.5,stop,-2.0,-1.0,1,7482.5,stop,-2.0,-1.0,1
2026-07-28 16:47:09-07:00,SHORT,7485.75,7486.25,2.0,LLPB,2,7484.25,stop,-2.0,-1.0,3,7480.75,stop,-2.0,-1.0,3,7482.75,stop,-2.0,-1.0,3
2026-07-28 17:02:14-07:00,SHORT,7497.75,7499.0,5.0,LLPB,2,7494.0,target,15.0,3.0,28,7492.75,stop,-5.0,-1.0,317,7494.75,target,12.0,2.4,24
2026-07-28 18:10:30-07:00,LONG,7477.75,7477.25,2.0,LHPB,2,7479.25,stop,-2.0,-1.0,3,7482.75,stop,-2.0,-1.0,3,7480.75,stop,-2.0,-1.0,3
2026-07-29 07:02:48-07:00,SHORT,7436.5,7437.25,3.0,LLPB,2,7434.25,target,9.0,3.0,3,7431.5,target,20.0,6.667,69,7433.5,target,12.0,4.0,4
2026-07-29 10:12:52-07:00,SHORT,7416.5,7417.0,2.0,LLPB,3,7415.0,stop,-2.0,-1.0,2,7411.5,stop,-2.0,-1.0,2,7413.5,stop,-2.0,-1.0,2
2026-07-29 10:13:04-07:00,SHORT,7419.25,7419.75,2.0,LLPB,2,7417.75,stop,-2.0,-1.0,1,7414.25,stop,-2.0,-1.0,1,7416.25,stop,-2.0,-1.0,1
2026-07-29 10:13:05-07:00,SHORT,7418.5,7420.0,6.0,LLPB,2,7414.0,stop,-6.0,-1.0,13,7413.5,stop,-6.0,-1.0,13,7415.5,stop,-6.0,-1.0,13
2026-07-29 11:47:44-07:00,SHORT,7476.25,7476.75,2.0,LLPB,2,7474.75,target,6.0,3.0,1,7471.25,target,20.0,10.0,7,7473.25,target,12.0,6.0,2
2026-07-29 13:01:04-07:00,SHORT,7355.25,7358.0,11.0,LLPB,2,7347.0,target,33.0,3.0,5,7350.25,target,20.0,1.818,4,7352.25,target,12.0,1.091,2
2026-08-04 06:00:21-07:00,LONG,7650.5,7650.0,2.0,LHPB,3,7652.0,stop,-2.0,-1.0,1,7655.5,stop,-2.0,-1.0,1,7653.5,stop,-2.0,-1.0,1
2026-08-06 10:00:02-07:00,SHORT,7740.25,7740.75,2.0,LLPB,2,7738.75,target,6.0,3.0,7,7735.25,stop,-2.0,-1.0,37,7737.25,stop,-2.0,-1.0,37
2026-08-07 05:39:43-07:00,SHORT,7775.25,7776.0,3.0,LLPB,2,7773.0,stop,-3.0,-1.0,8,7770.25,stop,-3.0,-1.0,8,7772.25,stop,-3.0,-1.0,8
2026-08-07 06:01:10-07:00,LONG,7771.25,7770.75,2.0,LHPB,3,7772.75,stop,-2.0,-1.0,3,7776.25,stop,-2.0,-1.0,3,7774.25,stop,-2.0,-1.0,3
2026-08-07 07:12:10-07:00,LONG,7744.25,7743.75,2.0,LHPB,2,7745.75,stop,-2.0,-1.0,1,7749.25,stop,-2.0,-1.0,1,7747.25,stop,-2.0,-1.0,1
2026-08-11 06:30:53-07:00,LONG,7785.25,7784.75,2.0,LHPB,2,7786.75,target,6.0,3.0,3,7790.25,stop,-2.0,-1.0,16,7788.25,stop,-2.0,-1.0,16
2026-08-11 09:00:02-07:00,SHORT,7766.25,7766.75,2.0,LLPB,4,7764.75,stop,-2.0,-1.0,2,7761.25,stop,-2.0,-1.0,2,7763.25,stop,-2.0,-1.0,2
2026-08-11 09:00:04-07:00,SHORT,7766.75,7767.25,2.0,LLPB,5,7765.25,stop,-2.0,-1.0,5,7761.75,stop,-2.0,-1.0,5,7763.75,stop,-2.0,-1.0,5
2026-08-11 09:00:14-07:00,SHORT,7767.25,7768.0,3.0,LLPB,4,7765.0,stop,-3.0,-1.0,22,7762.25,stop,-3.0,-1.0,22,7764.25,stop,-3.0,-1.0,22
2026-08-12 06:32:19-07:00,LONG,7774.75,7774.0,3.0,LHPB,2,7777.0,target,9.0,3.0,15,7779.75,stop,-3.0,-1.0,39,7777.75,stop,-3.0,-1.0,39
2026-08-12 06:33:00-07:00,LONG,7772.0,7771.5,2.0,LHPB,2,7773.5,target,6.0,3.0,5,7777.0,target,20.0,10.0,44,7775.0,target,12.0,6.0,8
2026-08-13 08:59:11-07:00,LONG,7798.25,7797.5,3.0,LHPB,4,7800.5,target,9.0,3.0,95,7803.25,target,20.0,6.667,192,7801.25,target,12.0,4.0,102
