time_pt,vol_z,volume,run_delta_sum,confluence_count,mfe_pts,big_win,followup_move_5s,followup_vol_5s,followup_move_10s,followup_vol_10s,followup_move_30s,followup_vol_30s
2026-06-15 07:14:09-07:00,6.03,287,210.0,2,22.75,True,0.5,395.0,-0.25,708.0,3.25,1835.0
2026-06-15 09:45:41-07:00,5.26,197,146.0,2,7.5,False,0.0,104.0,0.0,210.0,-0.5,618.0
2026-06-15 11:02:03-07:00,2.55,143,172.0,2,6.5,False,-1.5,414.0,-1.0,745.0,-1.25,1538.0
2026-06-15 11:02:05-07:00,3.44,199,195.0,2,7.25,False,-0.75,319.0,-0.75,633.0,-0.75,1361.0
2026-06-16 07:31:29-07:00,1.85,157,138.0,2,15.25,True,1.0,481.0,0.75,861.0,-0.5,2467.0
2026-06-16 08:00:19-07:00,4.14,237,178.0,5,13.75,True,0.5,192.0,-0.0,367.0,1.25,1262.0
2026-06-16 08:03:42-07:00,2.29,109,65.0,4,15.25,True,-0.0,107.0,-0.25,377.0,-0.5,1696.0
2026-06-16 08:06:04-07:00,2.37,132,69.0,3,18.0,True,-0.75,400.0,0.25,696.0,1.0,1445.0
2026-06-16 08:10:53-07:00,2.96,100,95.0,2,19.25,True,-0.75,294.0,-0.25,628.0,0.25,1217.0
2026-06-16 08:10:55-07:00,2.3,89,84.0,2,19.5,True,-0.5,284.0,0.5,603.0,0.5,1172.0
2026-06-17 07:00:23-07:00,2.64,229,137.0,2,22.0,True,-0.5,526.0,-1.75,1071.0,-1.25,2972.0
2026-06-19 03:22:26-07:00,7.57,208,161.0,2,0.5,False,0.0,43.0,0.25,50.0,-0.5,102.0
2026-06-21 18:04:03-07:00,7.6,619,461.0,3,5.0,False,-0.25,30.0,-0.75,74.0,-0.0,134.0
2026-06-22 07:17:33-07:00,3.49,203,134.0,2,2.25,False,0.0,508.0,-1.0,799.0,-2.25,2871.0
2026-06-22 07:31:51-07:00,2.6,292,107.0,2,5.5,False,-0.5,443.0,1.25,1050.0,-0.75,4366.0
2026-06-22 08:41:06-07:00,2.85,163,104.0,3,20.25,True,0.25,267.0,0.25,365.0,-0.5,1193.0
2026-06-22 08:41:53-07:00,2.67,181,106.0,3,21.5,True,-0.25,261.0,-0.5,444.0,-1.5,1284.0
2026-06-23 06:53:09-07:00,2.49,231,256.0,2,10.75,True,1.5,570.0,2.25,1123.0,0.5,2931.0
2026-06-23 06:59:21-07:00,5.0,390,206.0,2,5.5,False,1.0,322.0,2.25,688.0,1.5,1860.0
2026-06-24 12:07:04-07:00,2.16,144,197.0,3,57.0,True,-1.25,703.0,-1.75,1178.0,-1.25,2808.0
2026-06-24 12:07:06-07:00,1.55,141,135.0,3,58.25,True,0.0,457.0,-0.5,1044.0,0.25,2504.0
2026-06-25 07:52:38-07:00,1.94,197,85.0,2,57.0,True,-3.5,1107.0,-3.25,1520.0,-1.75,2565.0
2026-06-25 07:52:39-07:00,4.27,405,338.0,2,58.0,True,-2.25,761.0,-2.25,1192.0,-1.25,2185.0
2026-06-26 07:05:11-07:00,2.52,209,110.0,2,7.5,False,-0.25,480.0,-2.0,1225.0,-2.25,3256.0
2026-06-30 10:38:21-07:00,1.73,77,210.0,2,8.5,True,-0.5,232.0,-0.75,326.0,-0.25,794.0
2026-07-01 04:41:18-07:00,6.21,114,125.0,2,5.0,False,0.0,15.0,0.5,34.0,-0.75,161.0
2026-07-01 10:06:08-07:00,3.41,213,278.0,2,13.75,True,0.5,325.0,0.75,589.0,0.25,1593.0
2026-07-01 11:15:04-07:00,2.48,86,120.0,2,6.5,False,-0.5,385.0,-0.75,702.0,-2.25,1860.0
2026-07-01 11:54:46-07:00,6.42,305,146.0,2,12.25,True,0.25,332.0,0.25,425.0,1.25,1112.0
2026-07-02 11:04:04-07:00,2.55,96,106.0,4,1.0,False,0.25,387.0,0.5,529.0,-1.0,1020.0
2026-07-02 11:04:05-07:00,5.81,267,111.0,4,1.5,False,0.75,148.0,1.0,265.0,-0.75,769.0
2026-07-02 11:05:09-07:00,5.31,195,73.0,3,0.5,False,-0.75,320.0,-1.5,614.0,-3.0,1821.0
2026-07-07 09:06:19-07:00,2.35,161,172.0,2,8.25,True,0.75,256.0,1.5,471.0,1.75,1022.0
2026-07-07 10:08:02-07:00,4.53,250,161.0,2,8.75,True,0.5,148.0,0.5,251.0,-0.0,821.0
2026-07-08 10:24:11-07:00,2.68,128,94.0,3,14.5,True,0.25,270.0,0.25,411.0,-0.0,1129.0
2026-07-08 10:25:02-07:00,1.57,116,113.0,2,16.25,True,-0.75,436.0,-0.75,939.0,0.25,2167.0
2026-07-09 05:06:39-07:00,4.21,86,97.0,2,2.5,False,0.5,9.0,0.5,18.0,0.75,67.0
2026-07-09 07:06:44-07:00,1.59,87,156.0,2,7.25,False,0.0,449.0,-0.25,657.0,-4.0,2679.0
2026-07-09 07:06:46-07:00,4.26,188,180.0,2,9.0,True,0.5,336.0,0.5,513.0,-2.5,2607.0
2026-07-10 07:33:00-07:00,1.71,1108,754.0,2,41.75,True,-3.25,3673.0,-7.75,7873.0,9.25,16261.0
2026-07-12 22:09:03-07:00,4.99,264,173.0,2,14.5,True,0.5,41.0,0.25,59.0,-0.25,112.0
2026-07-14 17:05:36-07:00,2.98,46,110.0,2,6.0,False,0.0,9.0,0.5,30.0,-0.5,151.0
2026-07-16 12:02:30-07:00,6.19,213,164.0,2,26.5,True,-0.25,277.0,-0.75,474.0,-0.0,981.0
2026-07-17 07:05:10-07:00,2.03,228,109.0,3,18.0,True,0.5,597.0,-0.5,1463.0,-1.5,3898.0
2026-07-20 05:02:28-07:00,2.28,232,105.0,2,4.0,False,-4.75,1337.0,-2.75,1616.0,-5.25,2412.0
2026-07-22 07:19:26-07:00,5.49,332,236.0,3,12.5,True,0.25,237.0,1.5,463.0,2.75,1173.0
2026-07-22 07:27:32-07:00,2.15,269,149.0,2,26.75,True,0.5,310.0,1.0,528.0,1.5,1390.0
2026-07-23 00:11:03-07:00,4.41,362,250.0,2,10.25,True,0.25,69.0,0.25,122.0,0.0,364.0
2026-07-28 06:30:00-07:00,7.4,2309,917.0,2,4.5,False,1.75,3378.0,2.5,4283.0,0.5,7603.0
2026-07-28 06:30:01-07:00,2.8,1004,897.0,2,5.25,False,3.0,2617.0,3.75,3507.0,2.75,6986.0
2026-07-28 09:31:00-07:00,4.02,215,81.0,2,18.25,True,-0.75,272.0,0.0,562.0,0.5,1233.0
2026-07-28 16:47:08-07:00,6.05,95,72.0,2,1.5,False,-0.25,209.0,-0.25,258.0,-1.75,502.0
2026-07-28 16:47:09-07:00,3.93,76,89.0,2,1.75,False,-0.25,135.0,0.25,200.0,-1.5,433.0
2026-07-28 17:02:14-07:00,4.68,171,121.0,2,12.5,True,2.0,170.0,1.25,353.0,3.0,744.0
2026-07-28 18:10:30-07:00,5.87,88,69.0,2,3.5,False,-0.5,110.0,-1.0,167.0,-2.0,437.0
2026-07-29 07:02:48-07:00,4.24,274,302.0,2,43.5,True,2.75,475.0,2.75,847.0,2.75,2727.0
2026-07-29 10:12:52-07:00,5.7,234,165.0,3,8.0,True,-0.0,187.0,-2.0,771.0,-3.5,2401.0
2026-07-29 10:13:04-07:00,3.48,235,192.0,2,10.75,True,1.25,569.0,0.25,835.0,-0.75,1744.0
2026-07-29 10:13:05-07:00,4.13,317,197.0,2,10.0,True,0.75,338.0,-1.0,556.0,-1.5,1491.0
2026-07-29 11:47:44-07:00,3.24,620,941.0,2,117.5,True,3.75,826.0,4.5,1136.0,4.5,2852.0
2026-07-29 13:01:04-07:00,1.87,404,398.0,2,31.25,True,8.5,682.0,6.0,1372.0,2.25,3666.0
2026-08-04 06:00:21-07:00,5.36,84,73.0,3,36.25,True,-0.5,184.0,-1.0,255.0,0.0,452.0
2026-08-06 10:00:02-07:00,4.95,242,201.0,2,13.75,True,0.75,163.0,1.0,471.0,0.5,1258.0
2026-08-07 05:39:43-07:00,1.82,98,80.0,2,22.0,True,-0.0,62.0,-1.0,167.0,1.25,763.0
2026-08-07 06:01:10-07:00,4.26,123,117.0,3,1.0,False,-0.5,302.0,-1.25,546.0,-1.25,944.0
2026-08-07 07:12:10-07:00,4.0,419,209.0,2,37.5,True,0.0,700.0,-0.25,1184.0,0.5,2876.0
2026-08-11 06:30:53-07:00,1.73,551,448.0,2,1.75,False,1.5,530.0,0.75,1374.0,-3.5,4815.0
2026-08-11 09:00:02-07:00,4.58,134,72.0,4,10.75,True,-0.25,210.0,-1.0,366.0,-0.75,959.0
2026-08-11 09:00:04-07:00,3.52,121,143.0,5,11.25,True,-0.5,172.0,-0.5,451.0,-0.5,921.0
2026-08-11 09:00:14-07:00,4.01,154,135.0,4,11.75,True,-0.0,201.0,-0.0,276.0,-1.0,791.0
2026-08-12 06:32:19-07:00,2.46,387,709.0,2,6.5,False,-0.25,489.0,1.25,1037.0,0.25,2898.0
2026-08-12 06:33:00-07:00,1.96,315,450.0,2,9.25,True,1.5,824.0,2.0,2392.0,2.75,4238.0
2026-08-13 08:59:11-07:00,5.26,680,565.0,4,14.25,True,0.0,202.0,0.0,303.0,-0.25,797.0
