entry_price , target_price, stop_price, entry_time         , exit_time          , exit_price, pnl   , outcome, level_price, formation_time     , breakout_time      , retest_time        , fta    , risk , reward, rr_ratio          , R                 , validity
4855.75     , 4865.75     ,    4847.75, 2025-04-06 22:00:00, 2025-04-06 22:05:00,    4847.75, -8.0  , LOSS   ,     4855.75, 2023-11-14 13:00:00, 2023-11-14 14:00:00, 2025-04-06 22:00:00, 4865.75,  8.0 ,  10.0 , 1.25              , 1.25              , invalid
4887.0      , 4888.75     ,    4886.0 , 2025-04-06 22:00:00, 2025-04-06 22:05:00,    4886.0 , -1.0  , LOSS   ,     4887.0 , 2023-11-20 06:00:00, 2023-11-20 07:00:00, 2025-04-06 22:00:00, 4888.75,  1.0 ,   1.75, 1.75              , 1.75              , invalid
5002.0      , 5009.75     ,    4999.25, 2025-04-06 22:00:00, 2025-04-06 22:05:00,    4999.25, -2.75 , LOSS   ,     5002.0 , 2023-12-12 18:00:00, 2023-12-12 19:00:00, 2025-04-06 22:00:00, 5009.75,  2.75,   7.75, 2.8181818181818183, 2.8181818181818183, invalid
5005.5      , 5009.75     ,    5004.25, 2025-04-06 22:00:00, 2025-04-06 22:05:00,    5004.25, -1.25 , LOSS   ,     5005.5 , 2023-12-12 19:00:00, 2023-12-12 20:00:00, 2025-04-06 22:00:00, 5009.75,  1.25,   4.25, 3.4               , 3.4               , invalid
5110.5      , 5122.25     ,    5098.5 , 2025-04-04 18:40:00, 2025-04-04 18:45:00,    5122.25, 11.75 , WIN    ,     5110.5 , 2024-01-18 13:00:00, 2024-01-18 19:00:00, 2025-04-04 18:00:00, 5122.25, 12.0 ,  11.75, 0.9791666666666666, 0.9791666666666666, valid
5109.25     , 5122.25     ,    5098.5 , 2025-04-04 18:40:00, 2025-04-04 18:45:00,    5122.25, 13.0  , WIN    ,     5109.25, 2024-01-18 16:00:00, 2024-01-18 19:00:00, 2025-04-04 18:00:00, 5122.25, 10.75,  13.0 , 1.2093023255813953, 1.2093023255813953, invalid
5100.25     , 5107.5      ,    5098.5 , 2025-04-04 20:00:00, 2025-04-04 20:05:00,    5098.5 , -1.75 , LOSS   ,     5100.25, 2024-01-18 18:00:00, 2024-01-18 19:00:00, 2025-04-04 20:00:00, 5107.5 ,  1.75,   7.25, 4.142857142857143 , 4.142857142857143 , invalid
5118.75     , 5122.25     ,    5115.0 , 2025-04-04 18:40:00, 2025-04-04 18:45:00,    5115.0 , -3.75 , LOSS   ,     5118.75, 2024-01-18 19:00:00, 2024-01-18 20:00:00, 2025-04-04 18:00:00, 5122.25,  3.75,   3.5 , 0.9333333333333333, 0.9333333333333333, invalid
5154.5      , 5179.0      ,    5141.75, 2025-04-04 14:50:00, 2025-04-04 14:55:00,    5179.0 , 24.5  , WIN    ,     5154.5 , 2023-12-28 03:00:00, 2024-01-19 17:00:00, 2025-04-04 14:00:00, 5179.0 , 12.75,  24.5 , 1.9215686274509804, 1.9215686274509804, valid
5154.25     , 5179.0      ,    5141.75, 2025-04-04 14:50:00, 2025-04-04 14:55:00,    5179.0 , 24.75 , WIN    ,     5154.25, 2024-01-19 13:00:00, 2024-01-19 17:00:00, 2025-04-04 14:00:00, 5179.0 , 12.5 ,  24.75, 1.98              , 1.98              , invalid
5462.5      , 5481.0      ,    5445.5 , 2025-04-03 14:50:00, 2025-04-03 15:10:00,    5481.0 , 18.5  , WIN    ,     5462.5 , 2024-08-08 12:00:00, 2024-08-08 13:00:00, 2025-04-03 14:00:00, 5481.0 , 17.0 ,  18.5 , 1.088235294117647 , 1.088235294117647 , invalid
5650.5      , 5698.0      ,    5641.75, 2025-03-10 18:50:00, 2025-03-10 18:55:00,    5641.75, -8.75 , LOSS   ,     5650.5 , 2024-09-11 15:00:00, 2024-09-11 16:00:00, 2025-03-10 18:00:00, 5698.0 ,  8.75,  47.5 , 5.428571428571429 , 5.428571428571429 , valid
5707.5      , 5724.5      ,    5696.0 , 2025-03-10 14:50:00, 2025-03-10 15:30:00,    5724.5 , 17.0  , WIN    ,     5707.5 , 2024-09-11 17:00:00, 2024-09-11 18:00:00, 2025-03-10 14:00:00, 5724.5 , 11.5 ,  17.0 , 1.4782608695652173, 1.4782608695652173, valid
5945.0      , 5962.25     ,    5928.75, 2025-01-02 17:35:00, 2025-01-02 18:50:00,    5928.75, -16.25, LOSS   ,     5945.0 , 2024-12-20 11:00:00, 2024-12-20 13:00:00, 2025-01-02 17:00:00, 5962.25, 16.25,  17.25, 1.0615384615384615, 1.0615384615384615, valid
5989.25     , 6016.5      ,    5962.0 , 2024-12-30 14:40:00, 2024-12-30 16:40:00,    6016.5 , 27.25 , WIN    ,     5989.25, 2024-12-20 00:00:00, 2024-12-20 15:00:00, 2024-12-30 14:00:00, 6016.5 , 27.25,  27.25, 1.0               , 1.0               , invalid
5983.25     , 6016.5      ,    5962.0 , 2024-12-30 14:40:00, 2024-12-30 16:40:00,    6016.5 , 33.25 , WIN    ,     5983.25, 2024-12-20 14:00:00, 2024-12-20 15:00:00, 2024-12-30 14:00:00, 6016.5 , 21.25,  33.25, 1.5647058823529412, 1.5647058823529412, valid
6000.0      , 6020.5      ,    5990.0 , 2024-12-30 21:05:00, 2024-12-31 09:10:00,    6020.5 , 20.5  , WIN    ,     6000.0 , 2024-12-30 15:00:00, 2024-12-30 16:00:00, 2024-12-30 21:00:00, 6020.5 , 10.0 ,  20.5 , 2.05              , 2.05              , invalid
5991.0      , 5999.0      ,    5986.25, 2025-01-02 14:35:00, 2025-01-02 14:40:00,    5986.25, -4.75 , LOSS   ,     5991.0 , 2025-01-02 00:00:00, 2025-01-02 01:00:00, 2025-01-02 14:00:00, 5999.0 ,  4.75,   8.0 , 1.6842105263157894, 1.6842105263157894, invalid
6048.25     , 6055.5      ,    6044.25, 2025-01-07 15:05:00, 2025-01-07 15:10:00,    6055.5 , 7.25  , WIN    ,     6048.25, 2025-01-03 19:00:00, 2025-01-06 07:00:00, 2025-01-07 15:00:00, 6055.5 ,  4.0 ,   7.25, 1.8125            , 1.8125            , valid
6047.5      , 6055.5      ,    6044.25, 2025-01-07 15:10:00, 2025-01-07 15:15:00,    6044.25, -3.25 , LOSS   ,     6047.5 , 2025-01-06 06:00:00, 2025-01-06 07:00:00, 2025-01-07 15:00:00, 6055.5 ,  3.25,   8.0 , 2.4615384615384617, 2.4615384615384617, invalid
6051.5      , 6055.5      ,    6048.5 , 2025-01-07 15:05:00, 2025-01-07 15:10:00,    6048.5 , -3.0  , LOSS   ,     6051.5 , 2025-01-06 07:00:00, 2025-01-06 08:00:00, 2025-01-07 15:00:00, 6055.5 ,  3.0 ,   4.0 , 1.3333333333333333, 1.3333333333333333, invalid
6027.0      , 6028.5      ,    6026.25, 2025-01-27 10:45:00, 2025-01-27 10:50:00,    6026.25, -0.75 , LOSS   ,     6027.0 , 2025-01-17 00:00:00, 2025-01-17 01:00:00, 2025-01-27 10:00:00, 6028.5 ,  0.75,   1.5 , 2.0               , 2.0               , invalid
6036.75     , 6041.5      ,    6034.5 , 2025-01-27 10:30:00, 2025-01-27 10:40:00,    6034.5 , -2.25 , LOSS   ,     6036.75, 2025-01-17 07:00:00, 2025-01-17 08:00:00, 2025-01-27 10:00:00, 6041.5 ,  2.25,   4.75, 2.111111111111111 , 2.111111111111111 , invalid
6058.75     , 6069.5      ,    6048.0 , 2025-01-21 00:55:00, 2025-01-21 01:00:00,    6048.0 , -10.75, LOSS   ,     6058.75, 2025-01-16 12:00:00, 2025-01-17 13:00:00, 2025-01-21 00:00:00, 6069.5 , 10.75,  10.75, 1.0               , 1.0               , invalid
6055.75     , 6069.5      ,    6048.0 , 2025-01-21 01:00:00, 2025-01-21 01:05:00,    6069.5 , 13.75 , WIN    ,     6055.75, 2025-01-16 16:00:00, 2025-01-17 13:00:00, 2025-01-21 01:00:00, 6069.5 ,  7.75,  13.75, 1.7741935483870968, 1.7741935483870968, valid
6052.25     , 6069.5      ,    6048.0 , 2025-01-21 01:00:00, 2025-01-21 01:05:00,    6069.5 , 17.25 , WIN    ,     6052.25, 2025-01-17 11:00:00, 2025-01-17 13:00:00, 2025-01-21 01:00:00, 6069.5 ,  4.25,  17.25, 4.0588235294117645, 4.0588235294117645, invalid
6050.5      , 6069.5      ,    6048.0 , 2025-01-21 01:00:00, 2025-01-21 01:05:00,    6069.5 , 19.0  , WIN    ,     6050.5 , 2025-01-17 12:00:00, 2025-01-17 13:00:00, 2025-01-21 01:00:00, 6069.5 ,  2.5 ,  19.0 , 7.6               , 7.6               , invalid
6155.0      , 6159.25     ,    6150.5 , 2025-01-23 08:50:00, 2025-01-23 09:45:00,    6159.25, 4.25  , WIN    ,     6155.0 , 2025-01-22 06:00:00, 2025-01-22 08:00:00, 2025-01-23 08:00:00, 6159.25,  4.5 ,   4.25, 0.9444444444444444, 0.9444444444444444, valid
6154.25     , 6159.25     ,    6150.5 , 2025-01-23 08:50:00, 2025-01-23 09:45:00,    6159.25, 5.0   , WIN    ,     6154.25, 2025-01-22 07:00:00, 2025-01-22 08:00:00, 2025-01-23 08:00:00, 6159.25,  3.75,   5.0 , 1.3333333333333333, 1.3333333333333333, invalid
6127.25     , 6136.25     ,    6118.25, 2025-01-30 12:15:00, 2025-01-30 13:10:00,    6136.25, 9.0   , WIN    ,     6127.25, 2025-01-29 23:00:00, 2025-01-30 00:00:00, 2025-01-30 12:00:00, 6136.25,  9.0 ,   9.0 , 1.0               , 1.0               , valid
6107.0      , 6118.0      ,    6096.75, 2025-02-07 15:50:00, 2025-02-07 15:55:00,    6118.0 , 11.0  , WIN    ,     6107.0 , 2025-02-05 14:00:00, 2025-02-05 16:00:00, 2025-02-07 15:00:00, 6118.0 , 10.25,  11.0 , 1.0731707317073171, 1.0731707317073171, valid
6106.5      , 6118.0      ,    6096.75, 2025-02-07 15:50:00, 2025-02-07 15:55:00,    6118.0 , 11.5  , WIN    ,     6106.5 , 2025-02-05 15:00:00, 2025-02-05 16:00:00, 2025-02-07 15:00:00, 6118.0 ,  9.75,  11.5 , 1.1794871794871795, 1.1794871794871795, invalid
6165.25     , 6169.75     ,    6160.5 , 2025-02-20 15:00:00, 2025-02-20 15:05:00,    6160.5 , -4.75 , LOSS   ,     6165.25, 2025-02-13 15:00:00, 2025-02-13 19:00:00, 2025-02-20 15:00:00, 6169.75,  4.75,   4.5 , 0.9473684210526315, 0.9473684210526315, invalid
6165.0      , 6169.75     ,    6160.5 , 2025-02-20 15:00:00, 2025-02-20 15:05:00,    6160.5 , -4.5  , LOSS   ,     6165.0 , 2025-02-13 16:00:00, 2025-02-13 19:00:00, 2025-02-20 15:00:00, 6169.75,  4.5 ,   4.75, 1.0555555555555556, 1.0555555555555556, invalid
6162.75     , 6169.75     ,    6160.5 , 2025-02-20 15:00:00, 2025-02-20 15:05:00,    6160.5 , -2.25 , LOSS   ,     6162.75, 2025-02-13 18:00:00, 2025-02-13 19:00:00, 2025-02-20 15:00:00, 6169.75,  2.25,   7.0 , 3.111111111111111 , 3.111111111111111 , invalid
6192.75     , 6202.75     ,    6182.5 , 2025-02-19 10:30:00, 2025-02-19 14:20:00,    6182.5 , -10.25, LOSS   ,     6192.75, 2025-02-18 18:00:00, 2025-02-18 20:00:00, 2025-02-19 10:00:00, 6202.75, 10.25,  10.0 , 0.975609756097561 , 0.975609756097561 , valid
6171.75     , 6178.75     ,    6169.25, 2025-02-21 14:35:00, 2025-02-21 14:45:00,    6169.25, -2.5  , LOSS   ,     6171.75, 2025-02-20 18:00:00, 2025-02-20 19:00:00, 2025-02-21 14:00:00, 6178.75,  2.5 ,   7.0 , 2.8               , 2.8               , invalid
5965.75     , 5982.0      ,    5951.75, 2025-03-03 18:10:00, 2025-03-03 18:30:00,    5951.75, -14.0 , LOSS   ,     5965.75, 2025-02-28 16:00:00, 2025-02-28 20:00:00, 2025-03-03 18:00:00, 5982.0 , 14.0 ,  16.25, 1.1607142857142858, 1.1607142857142858, valid
5958.5      , 5982.0      ,    5951.75, 2025-03-03 18:25:00, 2025-03-03 18:30:00,    5951.75, -6.75 , LOSS   ,     5958.5 , 2025-02-28 17:00:00, 2025-02-28 20:00:00, 2025-03-03 18:00:00, 5982.0 ,  6.75,  23.5 , 3.4814814814814814, 3.4814814814814814, invalid
5957.75     , 5982.0      ,    5951.75, 2025-03-03 18:25:00, 2025-03-03 18:30:00,    5951.75, -6.0  , LOSS   ,     5957.75, 2025-02-28 19:00:00, 2025-02-28 20:00:00, 2025-03-03 18:00:00, 5982.0 ,  6.0 ,  24.25, 4.041666666666667 , 4.041666666666667 , invalid
5736.75     , 5748.75     ,    5729.0 , 2025-03-20 09:30:00, 2025-03-20 09:50:00,    5729.0 , -7.75 , LOSS   ,     5736.75, 2025-03-19 20:00:00, 2025-03-19 22:00:00, 2025-03-20 09:00:00, 5748.75,  7.75,  12.0 , 1.5483870967741935, 1.5483870967741935, valid
5764.75     , 5776.0      ,    5763.0 , 2025-03-26 16:55:00, 2025-03-26 17:15:00,    5763.0 , -1.75 , LOSS   ,     5764.75, 2025-03-24 06:00:00, 2025-03-24 07:00:00, 2025-03-26 16:00:00, 5776.0 ,  1.75,  11.25, 6.428571428571429 , 6.428571428571429 , invalid
5635.75     , 5673.0      ,    5610.75, 2025-04-02 20:25:00, 2025-04-02 20:30:00,    5610.75, -25.0 , LOSS   ,     5635.75, 2025-04-02 12:00:00, 2025-04-02 13:00:00, 2025-04-02 20:00:00, 5673.0 , 25.0 ,  37.25, 1.49              , 1.49              , invalid


METRICS
Total Trades, 43
Win Trades  , 18
Loss Trades , 25
Open Trades , 0
Win Rate    , 41.86%
Loss Rate   , 58.14%
Average Win , 16.03
Average Loss, -6.15
Total PnL   , 134.75
Min R Value , 0.9
